Dataset,Representation,Samples,Original_Dimensions,Encoded_Dimensions,Base_V,Best_V,Best_K,Best_q,Best_Gamma,AUC,F1,AP,Orientation_Failure,Completed_Combinations,Total_Combinations,Runtime_Seconds,Center_Sobol_Start,Center_Sobol_Capacity,Pseudo_Sobol_Start,Pseudo_Collision_Rejections,View_Method,Pseudo_Method,Center_Method,Tie_Method,View_Splits
Lymphography,one-hot,148,18,59,6,3,1,0.95,2.0,1.0,1.0,1.0,False,72,72,209.334,1,16,32,0,ordered-width-balanced,sobol-unscrambled-index-32+-collision-skip,sobol-unscrambled-index-1-16,stable-score-then-sample-index,"[[0,1,2,3,12,13,18,19,20,28,29,30,31,44,45,46,51,52,53,54,55,56,57,58],[4,5,8,9,14,15,21,22,23,24,36,37,38,39,40,41,42,43],[6,7,10,11,16,17,25,26,27,32,33,34,35,47,48,49,50]]"
adult_morethan50K_3779_variant1,one-hot,37793,14,104,4,2,1,0.975,5.0,0.7629008411,0.3130564807,0.2255798892,False,72,72,189.541,1,16,32,0,ordered-width-balanced,sobol-unscrambled-index-32+-collision-skip,sobol-unscrambled-index-1-16,stable-score-then-sample-index,"[[0,8,9,10,11,12,13,14,15,16,17,18,19,20,21,22,23,24,47,48,49,50,51,52,53,54,55,56,57,60,61,63,64,65,66,67,68,69,70,71,72,73,74,75,76,77,78,79,80,81,82,83,84,85,86,87,88,89,90,91,92,93,94,95,96,97,98,99,100,101,102,103],[1,2,3,4,5,6,7,25,26,27,28,29,30,31,32,33,34,35,36,37,38,39,40,41,42,43,44,45,46,58,59,62]]"
annthyroid,minmax,7200,6,6,2,2,1,0.95,0.5,0.988206124,0.8344051447,0.8074046092,False,72,72,92.438,1,16,32,0,ordered-width-balanced,sobol-unscrambled-index-32+-collision-skip,sobol-unscrambled-index-1-16,stable-score-then-sample-index,"[[0,2,4],[1,3,5]]"
arrhythmia_variant1,one-hot,452,279,343,10,20,1,0.95,2.0,0.8195164076,0.5350318471,0.4315489721,False,96,96,715.032,1,16,32,0,ordered-width-balanced,sobol-unscrambled-index-32+-collision-skip,sobol-unscrambled-index-1-16,stable-score-then-sample-index,"[[0,21,53,82,83,113,114,148,149,187,210,231,249,269,289,309,329],[1,2,52,62,63,105,125,150,151,188,189,225,241,261,281,301,321,341],[3,22,23,64,65,106,126,152,153,190,191,226,242,262,282,302,322,342],[4,24,25,66,67,107,127,154,155,192,211,232,250,270,290,310,330],[5,26,27,68,69,108,128,129,168,169,204,227,243,263,283,303,323],[6,28,29,70,90,115,140,160,180,201,224,239,259,279,299,319,339],[7,30,31,71,91,116,117,156,157,193,212,233,251,271,291,311,331],[8,32,33,72,92,118,119,158,178,196,217,218,252,272,292,312,332],[9,34,54,84,85,120,121,159,179,197,219,235,255,275,295,315,335],[10,35,55,86,87,122,141,161,181,202,203,236,256,276,296,316,336],[11,36,56,88,101,102,142,162,182,183,220,237,257,277,297,317,337],[12,37,57,89,103,104,143,163,184,185,221,222,253,273,293,313,333],[13,38,58,59,93,123,144,164,165,198,223,238,258,278,298,318,338],[14,39,60,61,94,124,145,166,167,199,200,234,254,274,294,314,334],[15,40,41,73,95,96,130,131,170,171,205,206,240,260,280,300,320,340],[16,42,43,74,97,98,132,133,172,173,207,228,244,264,284,304,324],[17,44,45,75,99,100,134,135,174,175,208,229,245,265,285,305,325],[18,46,47,76,77,109,136,137,176,194,213,214,246,266,286,306,326],[19,48,49,78,79,110,138,139,177,195,215,216,247,267,287,307,327],[20,50,51,80,81,111,112,146,147,186,209,230,248,268,288,308,328]]"
audiology_variant1,one-hot,226,69,154,10,20,1,0.95,3.0,0.9607598879,0.8421052632,0.8758192251,False,96,96,707.15,1,16,32,0,ordered-width-balanced,sobol-unscrambled-index-32+-collision-skip,sobol-unscrambled-index-1-16,stable-score-then-sample-index,"[[0,1,47,48,85,86,126,127,128],[2,3,4,5,6,117,118],[7,8,49,50,87,88,129,130],[9,10,11,79,80,119,120],[12,13,14,81,82,121,122],[15,16,17,18,83,84,123,124,125],[19,20,51,52,89,90,131,132],[21,22,53,54,91,92,133,134],[23,24,55,56,93,94,135,136,137,138,139,140],[25,26,57,58,95,96,141,142],[27,28,59,60,97,98,143,144,145,146,147],[29,30,61,62,99,100,148,149],[31,32,63,64,101,102,150,151],[33,34,65,66,103,104,152,153],[35,36,67,68,105,106],[37,38,69,70,107,108],[39,40,71,72,109,110],[41,42,73,74,111,112],[43,44,75,76,113,114],[45,46,77,78,115,116]]"
cardio,minmax,1831,21,21,7,7,5,0.8,3.0,0.9653220269,0.7888888889,0.7724658762,False,72,72,246.892,1,16,32,0,ordered-width-balanced,sobol-unscrambled-index-32+-collision-skip,sobol-unscrambled-index-1-16,stable-score-then-sample-index,"[[0,7,14],[1,8,15],[2,9,16],[3,10,17],[4,11,18],[5,12,19],[6,13,20]]"
forestcover,minmax,286048,10,10,3,6,1,0.95,2.0,0.999543482,0.8952673842,0.9522205423,False,72,72,169.771,1,16,32,0,ordered-width-balanced,sobol-unscrambled-index-32+-collision-skip,sobol-unscrambled-index-1-16,stable-score-then-sample-index,"[[0,6],[1,7],[2,8],[3,9],[4],[5]]"
glass,minmax,214,9,9,3,6,1,0.8,0.5,0.8574525745,0.2909090909,0.1355848796,False,72,72,119.664,1,16,32,0,ordered-width-balanced,sobol-unscrambled-index-32+-collision-skip,sobol-unscrambled-index-1-16,stable-score-then-sample-index,"[[0,6],[1,7],[2,8],[3],[4],[5]]"
horse_1_12_variant1,one-hot,256,27,124,9,18,5,0.975,2.0,0.9931693989,0.8571428571,0.8470991971,False,72,72,310.724,1,16,32,0,ordered-width-balanced,sobol-unscrambled-index-32+-collision-skip,sobol-unscrambled-index-1-16,stable-score-then-sample-index,"[[0,1,63,64],[2,3,65,66,67,68,69,70,71,72,73,74,75,76,77,78,79,80,81,82,83,84,85,86,87,88,89,90,91,92,93,94,95,96,97,98,99,100,101,102,103,104,105,106,107,108,109,110,111,112,113],[4,54,114,115,116,117,118,119,120,121],[5,55,122,123],[6,56,57,58],[7,59],[8,9,10,11],[12,13,14,15],[16,17,18,19,20,21],[22,23,24],[25,26,27,28,29],[30,31,32,33],[34,35,36,37],[38,39,40],[41,42,43],[44,60,61,62],[45,46,47,48],[49,50,51,52,53]]"
http,minmax,567498,3,3,1,2,1,0.975,5.0,0.9994575803,0.9343776461,0.8695259236,False,48,48,74.93,1,16,32,0,ordered-width-balanced,sobol-unscrambled-index-32+-collision-skip,sobol-unscrambled-index-1-16,stable-score-then-sample-index,"[[0,2],[1]]"
ionosphere_b_24_variant1,minmax,249,34,34,10,10,5,0.975,5.0,0.9994444444,0.9795918367,0.994785628,False,72,72,335.058,1,16,32,0,ordered-width-balanced,sobol-unscrambled-index-32+-collision-skip,sobol-unscrambled-index-1-16,stable-score-then-sample-index,"[[0,10,20,30],[1,11,21,31],[2,12,22,32],[3,13,23,33],[4,14,24],[5,15,25],[6,16,26],[7,17,27],[8,18,28],[9,19,29]]"
iris_Irisvirginica_11_variant1,minmax,111,4,4,2,1,1,0.8,2.0,1.0,1.0,1.0,False,72,72,84.014,1,16,32,0,ordered-width-balanced,sobol-unscrambled-index-32+-collision-skip,sobol-unscrambled-index-1-16,stable-score-then-sample-index,"[[0,1,2,3]]"
mnist,minmax,7603,100,100,10,20,1,0.95,2.0,0.9161648145,0.6252587992,0.5381727577,False,96,96,752.465,1,16,32,0,ordered-width-balanced,sobol-unscrambled-index-32+-collision-skip,sobol-unscrambled-index-1-16,stable-score-then-sample-index,"[[0,20,40,60,80],[1,21,41,61,81],[2,22,42,62,82],[3,23,43,63,83],[4,24,44,64,84],[5,25,45,65,85],[6,26,46,66,86],[7,27,47,67,87],[8,28,48,68,88],[9,29,49,69,89],[10,30,50,70,90],[11,31,51,71,91],[12,32,52,72,92],[13,33,53,73,93],[14,34,54,74,94],[15,35,55,75,95],[16,36,56,76,96],[17,37,57,77,97],[18,38,58,78,98],[19,39,59,79,99]]"
mushroom_p_221_variant1,one-hot,4429,22,111,7,4,5,0.95,0.5,0.9821735802,0.8459530026,0.8892711112,False,72,72,277.033,1,16,32,0,ordered-width-balanced,sobol-unscrambled-index-32+-collision-skip,sobol-unscrambled-index-1-16,stable-score-then-sample-index,"[[0,1,2,3,4,5,29,30,44,45,54,55,56,57,76,77,78,79,80,84,85,86,87,88],[6,7,8,9,27,28,31,32,46,47,48,49,58,59,60,61,62,63,64,65,66,98,99,100,101,102,103],[10,11,12,13,14,15,16,17,18,19,50,51,52,53,67,68,69,70,71,72,73,74,75,104,105,106,107,108,109,110],[20,21,22,23,24,25,26,33,34,35,36,37,38,39,40,41,42,43,81,82,83,89,90,91,92,93,94,95,96,97]]"
musk,minmax,3062,166,166,10,10,5,0.95,5.0,1.0,1.0,1.0,False,96,96,747.253,1,16,32,0,ordered-width-balanced,sobol-unscrambled-index-32+-collision-skip,sobol-unscrambled-index-1-16,stable-score-then-sample-index,"[[0,10,20,30,40,50,60,70,80,90,100,110,120,130,140,150,160],[1,11,21,31,41,51,61,71,81,91,101,111,121,131,141,151,161],[2,12,22,32,42,52,62,72,82,92,102,112,122,132,142,152,162],[3,13,23,33,43,53,63,73,83,93,103,113,123,133,143,153,163],[4,14,24,34,44,54,64,74,84,94,104,114,124,134,144,154,164],[5,15,25,35,45,55,65,75,85,95,105,115,125,135,145,155,165],[6,16,26,36,46,56,66,76,86,96,106,116,126,136,146,156],[7,17,27,37,47,57,67,77,87,97,107,117,127,137,147,157],[8,18,28,38,48,58,68,78,88,98,108,118,128,138,148,158],[9,19,29,39,49,59,69,79,89,99,109,119,129,139,149,159]]"
optdigits,minmax,5216,64,64,10,40,5,0.8,2.0,0.9899256481,0.8493150685,0.8446362339,False,96,96,734.358,1,16,32,0,ordered-width-balanced,sobol-unscrambled-index-32+-collision-skip,sobol-unscrambled-index-1-16,stable-score-then-sample-index,"[[0,40],[1,41],[2,42],[3,43],[4,44],[5,45],[6,46],[7,47],[8,48],[9,49],[10,50],[11,51],[12,52],[13,53],[14,54],[15,55],[16,56],[17,57],[18,58],[19,59],[20,60],[21,61],[22,62],[23,63],[24],[25],[26],[27],[28],[29],[30],[31],[32],[33],[34],[35],[36],[37],[38],[39]]"
pendigits,minmax,6870,16,16,5,5,5,0.95,3.0,0.9850885635,0.6237623762,0.4588775632,False,72,72,192.464,1,16,32,0,ordered-width-balanced,sobol-unscrambled-index-32+-collision-skip,sobol-unscrambled-index-1-16,stable-score-then-sample-index,"[[0,5,10,15],[1,6,11],[2,7,12],[3,8,13],[4,9,14]]"
shuttle,minmax,49097,9,9,3,2,1,0.95,2.0,0.9882249035,0.9673334293,0.9116297825,False,72,72,149.669,1,16,32,0,ordered-width-balanced,sobol-unscrambled-index-32+-collision-skip,sobol-unscrambled-index-1-16,stable-score-then-sample-index,"[[0,2,4,6,8],[1,3,5,7]]"
sonar_M_10_variant1,minmax,107,60,60,10,5,5,0.95,3.0,0.9958762887,0.9523809524,0.9572979798,False,96,96,695.376,1,16,32,0,ordered-width-balanced,sobol-unscrambled-index-32+-collision-skip,sobol-unscrambled-index-1-16,stable-score-then-sample-index,"[[0,5,10,15,20,25,30,35,40,45,50,55],[1,6,11,16,21,26,31,36,41,46,51,56],[2,7,12,17,22,27,32,37,42,47,52,57],[3,8,13,18,23,28,33,38,43,48,53,58],[4,9,14,19,24,29,34,39,44,49,54,59]]"
spambase_spam_56_variant1,minmax,2844,57,57,10,10,5,0.975,0.5,0.8431030949,0.3650793651,0.3228145797,False,96,96,709.162,1,16,32,0,ordered-width-balanced,sobol-unscrambled-index-32+-collision-skip,sobol-unscrambled-index-1-16,stable-score-then-sample-index,"[[0,10,20,30,40,50],[1,11,21,31,41,51],[2,12,22,32,42,52],[3,13,23,33,43,53],[4,14,24,34,44,54],[5,15,25,35,45,55],[6,16,26,36,46,56],[7,17,27,37,47],[8,18,28,38,48],[9,19,29,39,49]]"
thyroid,minmax,3772,6,6,2,1,5,0.95,0.5,0.9922167957,0.7339449541,0.7964298011,False,72,72,86.884,1,16,32,0,ordered-width-balanced,sobol-unscrambled-index-32+-collision-skip,sobol-unscrambled-index-1-16,stable-score-then-sample-index,"[[0,1,2,3,4,5]]"
wdbc_M_39_variant1,minmax,396,31,31,10,10,1,0.95,2.0,0.9995690584,0.987012987,0.9965811966,False,72,72,333.231,1,16,32,0,ordered-width-balanced,sobol-unscrambled-index-32+-collision-skip,sobol-unscrambled-index-1-16,stable-score-then-sample-index,"[[0,10,20,30],[1,11,21],[2,12,22],[3,13,23],[4,14,24],[5,15,25],[6,16,26],[7,17,27],[8,18,28],[9,19,29]]"
wine,minmax,129,13,13,4,2,5,0.8,0.5,0.9974789916,0.9523809524,0.9697979798,False,72,72,145.902,1,16,32,0,ordered-width-balanced,sobol-unscrambled-index-32+-collision-skip,sobol-unscrambled-index-1-16,stable-score-then-sample-index,"[[0,2,4,6,8,10,12],[1,3,5,7,9,11]]"
yeast_ERL_5_variant1,minmax,1141,8,8,2,1,5,0.95,0.5,1.0,1.0,1.0,False,72,72,84.646,1,16,32,0,ordered-width-balanced,sobol-unscrambled-index-32+-collision-skip,sobol-unscrambled-index-1-16,stable-score-then-sample-index,"[[0,1,2,3,4,5,6,7]]"
